,price
5439,1600
4138,610
4278,1950
2435,1500
5455,1400
4690,720
6654,1400
1704,3950
4764,500
4442,2200
4886,950
2569,650
4504,800
7642,2100
6061,800
3482,1200
7383,850
5809,1400
3578,3500
4611,875
4900,770
738,1200
6332,1600
2398,900
4544,1200
61,1198
7330,1300
4716,1150
556,1150
5249,3600
5423,4590
594,1500
2044,3500
2993,1350
671,925
2208,1900
5296,3780
763,1200
4899,990
4819,720
6216,905
339,1250
2377,1500
303,3300
7358,2300
4016,830
7339,1000
4622,1100
5363,2100
7343,2490
4204,1700
7319,1250
1964,1950
2678,950
7606,1280
904,2700
4121,795
6632,2000
6848,3029
5111,3100
2620,1700
6831,1615
388,1700
2402,1350
3141,1100
4089,800
3566,1200
6161,549
3202,750
5631,2200
1630,2098
5674,3300
6010,800
7348,900
6606,1150
954,1300
7081,850
6206,1248
7464,1800
3895,1100
5411,2655
2644,900
1851,2450
4101,1595
1494,1650
132,3000
505,1750
4599,1325
4401,950
306,1160
1934,1450
4824,825
5092,2000
983,2400
2382,1580
5710,1650
459,2000
1446,1400
887,1095
1967,3900
6481,900
3380,1250
1516,900
5541,3800
1551,2300
1231,1550
4931,950
7303,1400
7301,1595
5416,2565
5985,1450
2968,2000
5413,2565
292,3000
6967,2331
3615,745
7381,2500
5130,1300
4666,1450
7525,1450
4498,500
2945,1500
5041,2400
1153,3800
5764,1990
1757,2025
5194,3300
4383,1100
6129,1800
6446,1200
608,1050
65,1250
4854,800
824,1200
6490,1483
4982,875
5641,1300
6381,1350
2294,1150
2193,3000
3190,1100
1411,900
7336,1400
1241,3200
5360,1150
7170,1200
3875,2600
7121,1800
4876,850
2433,2100
6646,1700
195,1350
5945,1250
1981,1900
2276,840
439,2300
5458,1500
582,2800
1466,3100
7295,1800
2171,1190
2982,1300
3030,1150
4368,1000
463,1950
6844,2295
6803,3600
2028,1200
3158,2800
1984,3750
726,1500
7782,950
2542,1250
6660,2010
192,900
5481,1709
831,2750
5664,4335
3004,1350
7504,900
2289,800
2434,975
1938,3500
5669,2200
3945,1500
4300,950
6966,1275
559,1450
6046,950
4957,850
6264,800
743,1250
1813,2790
1791,1890
587,2350
6593,1200
5359,1150
1438,3950
6532,1000
7351,995
950,1350
5740,1400
1506,2600
2129,3900
6643,2150
4265,1100
7778,1500
6203,1750
4631,1145
6443,1500
4380,550
969,1250
2886,1300
2067,3200
2260,850
16,1290
7070,1900
329,2650
4661,750
7681,625
1217,2500
1931,1300
4667,990
3262,950
2570,1500
1429,1650
433,1200
1270,1680
7491,1450
4673,900
3348,820
6516,1400
6512,1350
4889,950
1227,2521
3616,850
3011,1815
6234,1400
3361,1175
3033,1500
5867,1250
1388,1300
5778,850
3126,1850
3854,900
3656,1200
7110,1600
6813,2325
2713,1300
2127,1950
406,2150
4985,1050
1080,1600
6378,1010
5294,2980
2197,1650
3105,800
7451,695
5948,1900
5833,2700
1057,1330
1995,4850
974,1400
3329,555
724,1100
562,1800
7536,2610
6788,2350
1523,2200
684,1390
37,950
7796,1600
48,1050
3979,1100
2679,950
1008,1300
2048,1000
4104,1350
6900,2565
4509,850
2123,1350
6710,1300
6650,1900
1983,4850
1771,1350
5818,2100
5974,950
3780,1100
30,1300
4392,800
69,2900
1092,725
3292,1500
3687,2700
3085,1475
1527,2500
238,1500
4445,1300
3591,1200
6302,1250
6725,1750
3720,795
1261,2295
6603,975
1013,1300
6026,765
6547,3700
2591,1100
2201,2300
4862,870
6097,825
5536,1200
5911,1700
7716,2700
7315,2495
2603,1200
3581,2700
4621,850
2036,3500
3988,1100
263,2800
6891,2169
7654,1200
1659,2000
1885,3000
2893,1150
5393,2621
5193,2550
3735,1700
2267,1100
7554,900
5347,3240
6493,800
6448,750
6282,757
3448,850
3996,1100
672,1450
7150,2100
6685,1250
4447,650
6476,900
2003,1280
311,3600
317,1150
2833,1300
7279,2880
3678,790
6534,650
2362,1500
3325,1400
687,1700
6859,2448
5215,1400
5310,3400
4674,790
4887,925
251,1200
820,1600
1421,4000
1065,1800
2763,900
1021,1200
847,2500
7245,1500
2222,900
268,2160
1684,1500
935,1300
5658,3500
1840,3600
7639,800
4156,1100
2824,2700
4236,870
2198,2700
1706,3300
5659,3500
5353,1450
7628,2800
1898,1750
6679,2500
4282,1950
3514,1250
2975,1700
1424,1350
1977,1800
6734,875
2611,1500
2234,790
5968,950
5516,2700
3073,2600
1590,2450
6669,1800
5224,4000
5162,1600
3460,900
384,3000
3102,1670
6403,1025
5480,1100
5979,1200
33,1300
4559,750
2798,900
3240,1000
4605,975
1143,2500
5464,3800
134,975
3963,2100
5695,1800
5532,3500
7675,1250
2340,1400
7604,875
3269,800
1633,1830
3740,1100
3298,1400
629,1700
82,950
1405,2650
1485,700
6644,2000
6706,3495
5327,3915
6091,795
6853,1500
6950,1500
6109,950
160,1350
3494,1350
1637,3750
6558,1100
477,1800
5766,1000
3241,750
434,1010
6318,1200
846,1450
3265,1150
3927,800
1001,1600
4329,1450
1173,2500
6718,900
848,2250
6849,2295
1183,1500
873,1400
5628,2700
6300,1508
6009,840
7468,3900
2616,1390
1296,2800
1283,1650
5106,1400
6128,3300
3388,1200
2237,2200
5186,1200
3844,1750
4842,1200
5115,4835
6922,1300
7752,1075
5482,4300
2530,800
1074,1150
3593,3240
2555,1850
1744,2565
5663,3500
365,2650
476,2100
694,1400
183,1650
1474,1800
3201,1250
4729,900
6892,1200
441,1500
5149,2100
6575,1050
1278,2050
923,1350
3809,850
1315,1500
3398,1100
6908,1500
2583,600
6821,1465
7282,3000
6163,1400
110,3850
2749,1250
6833,1620
7407,1200
4765,850
6751,2300
2842,1800
1661,2200
6621,2000
4081,900
5074,1700
3789,1300
3293,735
5762,750
146,4950
2929,800
7079,1700
1374,2100
7300,1490
5228,1350
5832,1500
4227,825
2748,549
5606,3500
7707,700
4462,750
2037,4550
7638,1600
3600,4400
6038,1013
845,1300
1958,3200
4206,1300
486,4300
921,1350
2059,1300
5743,1975
3308,1500
6865,3350
7197,1850
3235,1900
5542,2850
837,1600
370,1705
7548,1000
1122,2300
3028,880
2475,1450
155,1500
399,1400
1406,1000
7601,1225
2828,2565
3644,2500
5645,3500
131,1400
2669,950
5082,1075
5278,4300
4643,850
2556,760
6711,1750
1427,2300
437,2750
4261,1405
6151,1400
1591,1080
4659,720
4843,755
5744,900
5558,3200
584,995
1559,1100
5571,2025
1335,1500
1480,2100
7138,3100
1545,1100
6103,800
5213,2295
4627,725
5139,1500
7676,2000
1025,1100
6647,1350
2528,990
6905,3105
1331,1050
2869,940
280,2250
686,1300
2478,1580
3983,705
4154,1350
2841,1600
620,1300
3384,800
6970,3645
5906,1800
4225,1100
3540,1460
7573,900
7651,1170
3896,760
6741,1710
5309,3900
4207,900
709,1350
5829,1200
5253,730
3019,3100
2717,1020
4553,800
6790,2250
3559,1100
3468,1100
3703,2800
2472,2260
6941,1750
1697,4500
6180,890
3727,850
2916,1650
6280,1720
4534,1500
6401,1600
636,4750
7643,1480
3533,1700
1542,4500
5746,4500
3438,900
5768,2000
6523,750
3716,1200
3625,1400
2515,1300
7480,3200
2187,1800
6955,1150
2535,990
3191,990
7523,3900
615,3400
3051,1250
3098,1350
3370,1100
3173,800
6044,720
4987,1250
2977,890
3664,800
6432,1275
2655,1000
7522,1750
5496,2250
359,975
7352,3500
2497,2900
7325,1250
6413,990
6043,720
3481,1200
2814,1000
97,2500
5767,4050
4020,1350
4834,760
5736,2690
2227,1200
7790,825
5927,1700
4463,1025
7382,2400
990,1300
3525,4800
2865,1400
5576,1095
4510,950
6599,750
2588,1250
6064,680
7163,3350
5755,2000
5220,1750
7409,1500
5206,1000
5584,1200
7246,1000
7375,1800
2952,2600
4425,1150
3253,950
2614,1300
4581,1100
3818,1300
4584,1100
1244,1520
5190,2700
5608,4335
5937,1120
7640,1250
162,2400
958,1220
1369,1200
6494,1300
6392,1600
6039,640
6092,560
1467,2000
194,1590
5235,2100
4130,1750
6025,895
496,1600
1011,750
220,3750
2064,2000
939,3000
5914,1200
2328,850
4766,900
1869,4745
5624,1075
1267,4725
4052,1300
4448,800
4151,750
4751,1000
4080,1350
3156,1190
2879,2160
4701,850
305,1400
7014,4200
7773,1895
7660,1780
285,2500
2148,1600
7263,1104
2389,2200
5202,1650
2705,950
1137,1650
3432,1100
5969,2700
4245,2200
5586,3300
5821,1100
5314,4200
4962,700
5263,2500
4452,890
3681,2500
7505,1800
7393,850
644,900
2896,700
4352,1250
5781,1900
6032,1000
4562,2350
1844,2950
7050,2345
2364,950
6949,2103
7584,980
2266,750
1410,4000
7553,2900
5860,950
7260,1500
995,1500
5568,3550
1581,1200
2984,1883
7775,1300
6277,1400
1175,1350
6971,830
6526,1900
5042,4360
3427,800
5594,1880
435,1100
4619,740
593,1050
1282,1600
153,2950
1565,3900
6267,3350
3352,1325
2108,2200
1252,2400
3272,1400
1852,4300
523,1200
5462,4500
7636,2300
5447,4500
754,2700
5677,970
5665,1900
1573,2350
7763,1895
1598,1750
4988,1500
3088,2850
6473,850
3045,2300
6305,1595
118,3400
1850,2230
5756,1200
1418,1300
4403,1400
4319,1200
3507,1300
2076,2500
351,3400
5492,3500
3563,2200
5953,4500
6100,975
757,2400
801,3450
3488,1300
4857,725
321,3850
1341,1375
5463,2800
3373,1250
6078,750
6588,1800
7084,650
1887,3550
4111,2500
5670,750
5495,2250
2160,1900
4626,870
4896,850
78,2300
7094,1200
7272,3780
4637,525
1323,1250
1753,850
4614,750
6276,2100
7285,2250
2777,1270
2279,1100
7438,3000
1783,3915
1147,2500
5872,750
4302,875
4967,800
1716,4850
4777,990
1982,2700
4644,750
6408,900
1698,1800
1022,3500
3595,3500
7532,1900
2997,1225
888,1200
3645,1790
2385,900
3568,1075
1929,3800
2701,850
51,3900
3867,2800
1417,1200
2782,1300
466,1500
4301,980
1839,1800
884,1500
7619,1600
5627,2200
710,1600
6470,1450
6380,900
1357,830
2902,2106
3461,1200
6935,1200
7297,1350
5581,2500
4668,1250
1165,1600
813,1400
7379,1250
4033,1190
2341,1100
2265,900
7723,3500
3419,1150
2774,1297
1433,1200
3998,1200
1950,1950
2066,2950
2652,980
4865,750
4502,930
3557,1200
511,860
2352,1490
5239,1300
4345,800
6273,3500
34,1198
1980,2098
5380,3105
7477,1400
3061,2000
5306,1500
7155,3300
7726,2200
667,750
4964,800
3746,2500
1132,1700
901,1700
6672,2565
946,2250
3314,1775
119,1050
7513,900
7006,2610
2939,1700
2709,1095
6578,1300
7511,1999
5990,890
1930,3250
5450,4700
819,3500
7624,1350
5014,1100
6316,1600
4642,750
3331,850
1924,3750
5379,2700
1145,1390
5724,2700
3621,4000
3043,1350
6259,2400
4573,1090
2598,640
1741,2025
6412,990
7158,2200
2443,1250
2536,1450
5983,1300
2730,1600
5155,1710
6875,1200
3738,1400
5329,3780
7172,2010
189,3300
6066,780
5437,2400
3007,1250
1262,2295
2315,925
3076,1100
6565,700
7414,2000
3933,1100
7776,1200
1866,2200
867,1350
7101,3500
4543,870
658,1300
2724,3100
4593,990
968,2100
309,2800
1101,2800
7785,2100
5339,1100
2600,1400
987,1500
7185,1950
6499,1550
13,725
1171,1550
5684,1050
3739,3150
2819,2295
7102,1200
1384,1350
816,1300
7632,2375
7146,1500
3264,910
3828,2400
6661,2000
685,1000
2604,950
2891,1615
4124,1500
6820,2100
2761,940
7616,1000
7621,2200
6315,1650
5394,1853
5687,2000
2700,895
7631,1300
600,4200
1521,2200
3829,1170
3650,1100
4719,1100
1841,2500
4107,830
3437,850
300,975
1834,2250
4891,1200
6911,3350
7306,850
4838,1000
6028,790
3294,850
7506,1600
1772,1250
5099,3300
1404,2100
6777,2746
6425,1650
6131,950
4356,750
2371,1200
4845,900
6557,1800
5850,2700
6736,2835
4262,850
1644,1300
5964,3800
6111,750
3377,1600
2297,750
3485,2000
1290,800
4910,1250
1320,2100
2367,1400
2054,1100
7722,1450
123,860
6649,2000
2638,1400
6153,1150
3961,1500
534,1600
4159,875
3915,995
5915,1100
5539,830
4008,900
3985,550
4564,1200
7345,3200
366,2080
4620,1300
4155,850
4366,960
2634,1000
4128,850
1167,2800
5510,2900
312,1500
5754,3000
6198,1600
3354,850
5950,2400
6391,2700
3255,895
4760,775
240,3600
4296,2000
3343,730
5421,2430
3775,1700
5027,2300
2213,1900
6140,3350
3114,695
5388,2300
5225,1800
1700,850
638,2400
3467,1950
1144,3800
7684,1700
7114,1800
7677,720
7415,4000
214,2975
2509,900
4306,950
4482,1200
876,1500
4692,695
7756,900
1289,1495
5925,1800
1695,1800
4902,600
4601,1300
4057,950
5502,1300
7721,1000
4168,1200
5825,2100
3362,1400
5957,3500
2834,1575
3982,600
689,1075
827,1450
3309,851
4742,750
6460,1500
2692,890
1426,2100
5726,1000
2468,700
5315,3510
5855,3900
5728,2200
7795,950
6842,1590
3159,1650
5946,1600
2706,1100
5971,1150
4378,1095
3774,950
6689,3000
1876,1800
3042,1400
841,1400
897,900
4453,800
7622,1450
7482,1350
7597,1100
230,950
1351,2650
613,4200
2752,825
47,2570
1295,950
4557,850
3086,1900
7557,1400
1993,1450
7400,1600
6855,2025
4461,1050
6480,2750
1120,990
751,1100
2485,1800
1582,1350
702,650
5265,2970
6148,1200
6254,1500
4525,750
940,1190
6299,1948
2802,1140
5476,2400
1609,1150
5269,3645
6553,1650
6240,1550
6634,1600
3279,850
6698,3000
3035,2600
6682,1380
1975,1000
2491,1200
1865,4850
5673,1150
3456,920
2086,2250
560,1550
5921,1350
5890,1900
5247,4000
4163,980
3515,1700
2275,1000
764,1200
2459,2600
6502,974
2345,1850
7360,2300
4946,630
4483,1000
3978,895
7655,1800
5369,3500
1317,2490
2214,1900
4140,900
4258,1200
941,1100
448,1300
5403,2025
4449,1000
6112,1200
7075,1400
1280,2350
6393,3200
5602,2700
4170,750
2956,650
5895,1990
1707,1100
6987,2970
3711,4000
5543,1795
1148,1150
2852,2900
2182,2200
7062,1300
5121,3550
3081,930
6829,3350
2720,850
1884,2300
6899,975
6347,990
557,1600
3665,2450
203,1650
5804,2025
1180,2800
6362,2000
3070,1865
3130,2500
318,2200
3208,2100
1355,2100
77,1400
3211,1500
4454,800
2823,3780
4439,960
869,2500
3586,3510
1529,900
3684,1550
4769,1000
249,1750
100,1250
4849,800
4700,720
3528,1800
4271,800
3071,2590
5862,2000
5565,3200
1048,1150
6384,1250
7487,1200
2499,1290
5145,4835
3242,950
2962,890
1611,2500
2533,800
4734,860
430,1300
3246,1200
7494,1400
7215,1800
5739,1400
4325,650
3890,700
3297,1950
7132,1200
5949,2500
4741,800
664,1200
524,3900
2589,1450
4389,1000
668,2500
753,2500
301,3300
792,2250
7176,2000
3065,1000
7370,1800
4635,950
6744,2580
4036,1500
627,1400
7221,2025
1117,2500
2045,950
1733,2700
3573,1300
5147,1250
2836,2025
1788,1755
6272,1450
4632,870
3363,840
6793,2450
3429,1000
2233,2300
6805,4500
93,1350
2423,900
2813,1295
5273,2835
3657,1200
2726,1750
3316,825
1076,1850
3562,1816
4386,750
2255,1150
4895,880
1258,2835
2130,1350
652,1450
7107,800
595,800
3999,900
1936,2000
1400,1600
3490,1000
7430,890
2209,1900
5348,3780
4354,1850
5029,2300
1776,2400
779,1400
5344,2970
5552,3650
2299,645
206,2100
1207,1400
3078,3300
5159,3645
840,2850
4788,1200
2471,1000
3918,1100
7077,950
5061,3500
2178,900
3220,1400
6030,2300
675,1100
7055,1600
5851,2200
7428,1050
5430,1720
130,1195
1873,750
7813,950
6284,1350
2246,1050
3824,890
4763,1200
145,1750
6914,2800
4157,950
5704,1800
3606,3240
2690,1250
68,3550
5109,1400
6819,2000
5774,3500
3932,850
2593,1600
711,790
5924,1600
774,1000
1269,2565
2282,1005
7575,1900
5343,4500
6527,1700
596,1950
1974,1600
3851,1300
2728,1800
1812,4850
2985,1952
1460,2350
5864,3700
5699,3000
4242,750
5722,1250
515,2044
519,1250
723,1200
5919,700
633,3200
2012,1680
6074,695
6567,890
6426,1350
6980,1950
3196,700
3706,1700
6943,3510
2487,1900
1245,2600
287,1230
4420,1000
6070,980
1428,1500
3413,780
1604,1100
5024,1100
6715,1250
7705,750
3756,1200
5589,3850
7341,2150
1403,3800
988,1490
6139,4200
2363,1600
6143,1450
4071,1500
5573,2160
2467,1200
75,2100
5716,1600
5549,3500
4144,850
1683,4500
3876,1400
4600,950
5075,2500
1580,1500
5067,1600
161,2500
2944,1250
7475,3000
2196,1100
7122,1800
2372,1000
3873,1200
6917,3240
6020,730
7378,2890
899,2300
4978,800
5006,1150
5453,4200
3731,750
383,1800
1505,1150
5497,2600
1875,600
4762,725
6723,1100
1916,1100
7328,1200
881,1600
2840,1650
1247,2295
186,950
7569,2000
648,1200
2203,1300
6737,1550
89,1150
854,2100
1077,1700
5707,4700
314,2100
6204,1263
1546,1900
296,1440
2134,625
4091,1200
4785,850
6194,1770
5922,1300
1911,4499
1334,3000
5334,949
5371,2200
3163,1600
4949,1200
4277,850
2430,995
2112,750
4708,900
2778,3000
3822,1000
7120,2000
2420,1800
4030,950
3732,1450
107,1950
4574,850
777,1200
7225,3500
506,2700
7599,2895
7583,1800
5514,2080
1212,2249
6566,1650
5055,1650
1510,1350
2537,1600
4565,890
421,1400
2307,1100
992,1399
3733,2550
2176,3250
3783,1500
7273,1200
700,950
229,2835
2065,950
6629,1900
5289,1450
2326,1000
2768,1145
1746,1750
4307,840
5240,3500
5184,1100
2256,1000
814,1225
2558,950
5599,3090
6134,1325
4739,900
1566,1000
3558,1175
3330,700
3244,1090
6627,1300
4514,550
546,2900
5389,2970
3793,850
4556,870
7316,1250
7602,1120
4587,1150
1484,1650
597,1350
377,1275
4254,1300
6748,2400
5095,1250
5283,2970
3521,900
794,3190
7443,650
7338,1300
7296,1800
5107,985
225,3300
5187,1100
5662,3200
3610,2100
4735,675
7458,3510
3671,3990
1547,2300
2357,1200
758,1200
7690,1425
53,1300
6115,1700
929,1300
6852,2835
3036,2600
5396,1995
7061,1730
545,1150
3094,2600
3493,3100
150,2250
3496,1550
3624,1800
3970,850
4099,1000
487,1470
6835,1450
1294,775
625,1300
6015,849
473,2100
4377,830
7123,2300
4238,950
326,2500
3689,3300
6209,1014
4723,800
5267,2580
474,1065
6324,1500
932,1400
2901,1400
690,1400
1583,1100
4158,1150
7308,1900
1045,800
408,1700
2450,1745
1550,1100
2353,1400
7030,2970
7040,850
7380,2600
6439,1300
6608,1190
3125,1450
2913,950
2024,1300
793,2100
733,1300
6854,4710
1356,1900
6904,760
3016,2600
6554,725
5580,1700
2008,1800
5383,4320
5426,1853
385,4750
2039,810
1206,1500
7492,3500
4965,870
6796,2250
3166,800
7689,1100
202,1325
4979,900
4966,680
185,2600
2004,3000
1151,950
5188,2200
3406,1400
2406,1200
6822,800
7595,2920
6491,1100
5770,2250
1220,4800
4376,2800
4527,1450
7181,2250
7585,1400
5527,2700
1748,2100
535,3300
177,2200
7096,3100
5375,2500
6343,1350
6135,1900
5844,2700
6799,850
111,1450
3946,770
4738,800
3669,1200
1157,1100
4809,600
1848,2320
6986,1890
4388,1450
3375,1250
4178,1035
3060,1500
7661,800
1745,2655
163,1100
4247,1285
2610,1200
1666,1900
6589,890
2681,1800
5723,3050
3537,1160
4202,870
5732,4500
3792,1750
6840,2000
2322,790
4328,1150
7810,850
3140,2500
1920,800
6024,810
4467,950
4697,790
4956,600
323,3600
223,2300
7099,750
4689,1050
5805,2025
7204,950
521,2500
216,975
1507,1750
1190,1500
2716,1800
910,2300
2887,1585
319,2100
1948,1400
3639,3300
2091,1600
2938,1400
4419,800
1613,2700
3274,1100
883,2300
2090,1000
6539,800
5644,4700
4167,810
402,1800
1618,1700
222,2340
6279,1150
2060,1650
6266,1300
2562,1300
2864,2025
5801,2500
5944,1500
1415,1600
4894,800
4018,2200
7041,2000
712,850
191,1950
7435,2400
3620,800
7216,4900
4677,900
291,1400
3459,950
3421,999
3719,1100
2607,1700
302,4000
3239,999
4861,740
5866,1500
1038,750
3403,1150
2349,980
7582,1100
43,2000
5515,1450
2892,1640
6269,2600
3561,1100
283,1000
5069,2300
3026,2000
6400,1750
5617,3300
3649,4200
6067,690
121,1100
3385,1100
1459,1400
2732,2850
231,1600
7207,3150
4704,840
5917,2700
4759,1200
90,1600
915,1340
7238,700
4883,1050
485,1265
6885,950
580,1300
4112,1600
2496,1000
6584,1065
2359,1300
7349,2000
4437,1200
2576,1850
2449,975
7090,900
2257,1535
4515,1200
4274,750
6991,2970
682,1250
741,3200
6696,850
4164,2500
3943,750
6877,850
3225,1350
5251,2800
1495,2600
1274,2800
7098,800
2026,1800
112,900
1113,3800
328,1000
1352,1300
1498,1150
4332,1000
6146,850
3295,1400
4478,990
6335,1600
3164,850
6486,1300
1158,975
4218,1850
5745,1200
4804,670
7816,1600
4149,1350
717,2800
5719,1250
6389,549
2903,2025
3572,1100
7486,3600
2577,1300
3709,730
340,2150
2788,2200
6551,1900
2288,780
4255,1450
4618,900
6776,4200
3492,700
3823,1500
6084,950
2926,950
5328,1890
7574,1100
1763,3105
364,1500
5700,3100
3393,1250
4224,1350
5713,1900
1712,3350
4755,850
7153,2700
4037,1900
913,1600
5692,1800
4310,950
5689,1650
2331,1000
3500,1070
7552,2355
7418,820
2231,2350
4926,1550
5138,2200
6124,1200
92,3300
4469,810
1978,1850
2941,1000
6164,1900
2776,1350
7111,1800
3023,1300
5434,4140
520,2500
2124,950
2654,2500
4687,990
6410,1650
6036,720
5752,3200
1333,1200
7667,1100
6271,3450
3038,2000
4318,1300
6477,1235
649,1300
6705,1450
4312,1200
5216,2550
4193,1350
7361,2300
4654,700
1482,1150
2314,950
2104,990
5826,2700
911,1600
2479,1850
2110,2500
3254,1050
4211,1590
6938,1250
373,4200
1218,1200
7680,850
3227,2000
3643,1850
3327,1400
4756,1150
4923,850
2741,1100
7710,1300
1991,1750
610,1100
2436,1250
4195,1125
1779,2295
902,2200
5299,2500
4815,600
2502,1450
2500,1050
5441,1610
5512,4000
3479,1750
6659,1600
5131,2200
1170,750
1621,650
4422,1000
6012,800
7188,2650
6075,740
7320,1300
5284,4185
7249,1300
7646,1800
5238,2250
5105,1300
3543,1200
5651,1500
2629,700
6918,2025
4381,850
6937,1890
6945,2000
7691,1800
3930,780
5884,1500
5583,2700
7444,1200
7423,900
7686,1300
5803,2500
5205,1350
7490,899
2159,1500
1872,1100
4100,850
3486,1090
4790,850
2665,1650
5609,4200
4349,730
1675,2400
1818,3200
6515,1200
5151,3300
2745,850
6396,900
516,1150
6587,1350
3670,2250
3054,2390
1053,1300
4707,1450
3613,1400
2632,1300
4930,1100
2431,1630
3592,2700
6764,1800
2683,1800
1486,1300
3260,680
29,730
2532,1255
3439,810
1166,900
7623,790
1632,1988
6694,1300
5834,3950
3877,1200
3381,900
3584,2970
453,1000
1023,1400
2791,1000
1946,1829
5305,4800
4582,1280
1181,1400
6824,1450
7071,1200
4623,600
2647,1650
7507,3000
1154,3500
3445,650
3986,1280
5307,1850
7672,1600
5791,1900
5436,3800
205,3000
646,1100
674,950
5618,3300
3455,1200
3281,875
6753,1800
2914,925
6423,900
6622,1400
4337,800
344,3500
2320,911
5134,850
5625,2450
2806,2900
3472,950
1016,3200
509,1300
2544,1200
2734,1200
752,1050
4624,1200
2167,1000
2943,1150
2697,1100
6896,1890
36,1300
696,890
6145,1700
5456,4400
6642,924
6468,850
1517,1600
3929,780
2932,1270
3905,950
7609,1360
1793,1800
3773,1800
6772,1840
6375,3350
7327,1000
4542,1350
6329,1800
3394,1090
128,1400
2391,1100
3048,3100
4038,1750
1470,750
772,1000
2582,1170
181,1000
569,995
925,2850
4772,770
5856,1300
5254,2400
4032,950
4394,690
706,1350
3376,950
416,2600
3059,2040
7441,2000
1913,2000
4660,1150
6809,2065
7002,3375
2210,1900
5349,4700
7747,1250
6617,990
2211,1500
6640,950
6081,680
4006,765
1628,1800
4693,1100
4441,850
3497,1400
4657,725
372,4499
6936,785
1535,3400
5422,4050
2664,900
6932,4300
3387,1650
5572,2160
2495,1099
1100,900
3238,780
2438,800
7053,3500
3508,1700
5054,4000
1847,4200
4044,900
1868,3090
1254,2045
1979,1400
2804,2650
7802,800
2121,2400
2109,1100
6354,2000
1556,1250
3405,1090
342,2440
679,1100
3800,1000
3090,1300
4003,2200
1177,1990
415,1100
2927,760
4578,1250
4169,1200
6883,4200
5987,675
6561,800
1321,1850
4641,1200
6528,1550
7664,1000
1597,4000
4106,1700
1445,3800
5702,4750
1070,720
2719,2000
3062,2500
5449,2700
5563,4200
3900,1000
955,2000
2999,950
6416,1400
1762,2025
1842,3600
3184,2500
561,4500
1832,1750
1715,3700
5170,1100
450,750
3715,1200
1906,3600
4983,1200
3808,1700
3910,920
4885,850
5098,1430
245,1800
4918,920
2335,1200
5878,3750
4479,950
6241,2950
6262,1850
6982,900
2051,1880
5977,845
6948,600
4830,1250
3679,2200
7154,1650
2098,1500
3842,1170
2807,2900
6521,720
2337,550
1159,3500
6458,1900
856,2700
4088,820
5030,1400
7791,1090
5676,3300
1785,2475
5457,3300
147,1700
1728,4320
6014,825
5237,3000
3934,920
6940,1250
1238,1100
4908,775
930,1050
3142,850
2493,1250
2561,900
4199,1200
6750,1900
855,1250
1164,800
3596,1700
4892,800
2461,1760
3333,850
5761,3200
5322,2295
5146,2700
3228,2000
1327,1250
1035,720
1538,1750
3870,1400
5003,1050
1835,1950
6475,1100
5973,1140
3922,830
369,1800
5958,1350
4355,1300
5555,4000
5629,2800
5494,2250
1563,1000
6863,3375
5250,1645
3296,810
1286,2650
6615,1200
4075,1950
1102,1200
7392,3500
3037,900
7309,1500
56,950
5227,2800
7010,4500
5483,3105
3249,1250
170,3500
4827,1250
1670,1800
1672,1680
1553,1200
3751,1300
5621,3200
3311,550
1543,2300
4662,750
3258,1050
7520,850
4409,1350
2188,1250
7649,1150
6619,1350
4794,700
7703,750
7534,2010
7524,1821
2970,1700
456,1700
4995,1200
7560,4100
3108,850
5222,3200
1671,1800
6238,1650
2919,1100
6367,1200
5903,1650
1673,1000
4775,800
1017,2200
1299,1450
3096,990
7005,3105
2462,800
4055,1800
6016,850
7371,1150
6691,1600
2344,990
4136,2835
1574,1100
471,2600
2490,1300
7618,1240
3611,1150
4913,800
5680,2000
4034,1050
5559,3950
2546,1200
7023,1400
6059,927
5291,3375
1631,1928
6942,1424
1201,2200
5888,1450
7387,1990
2202,1200
1378,800
2120,1475
6484,970
198,1832
4402,1400
4061,2800
3861,1500
3608,2350
4613,800
1448,2900
4771,900
432,1250
4799,1100
3640,1816
984,3950
839,1350
3510,1100
3807,1300
7318,1300
2888,1640
6118,1900
6293,950
6913,3500
267,2970
6338,1750
7663,1300
3366,650
2348,900
678,650
1863,3900
5365,4500
4090,2650
5579,1600
6618,1100
4311,1100
27,1425
6176,1500
1139,2500
4485,1500
2830,1050
6123,1650
3580,2430
3757,1350
122,2600
2983,1600
2428,1500
3623,2000
6620,1900
7421,2050
5243,2300
4022,1300
60,1975
1373,2650
728,2950
4567,2100
4234,1100
3964,1100
5685,1100
1285,950
2102,2700
289,1250
5488,4300
4539,750
1932,3100
6192,1350
6951,1160
714,1400
4705,810
7355,1850
5649,1600
4505,1000
1192,4500
2905,2400
5244,2100
4925,850
5128,3000
985,950
1084,2900
3027,1450
6307,2250
1412,2800
4096,950
3850,1700
4698,850
4568,995
2923,2000
922,1600
2506,1250
4811,800
3143,3000
125,3200
7058,2160
3582,1801
7779,900
3285,820
4781,870
4279,1000
5611,3000
2960,1270
4039,900
4220,1000
1804,2200
6522,1100
6441,1050
88,2450
4019,1875
3179,800
2075,2835
1809,2700
3729,1450
4042,950
6616,1450
5880,2500
7457,2400
5056,1100
2049,1600
5364,700
4575,850
5489,1700
3675,2530
1696,1600
5433,1710
1313,1680
4051,900
727,1550
3234,750
4768,900
7626,1000
3010,1500
6022,730
6063,850
3554,2300
697,1760
2306,730
5127,1500
6397,1200
7447,1850
5640,1300
1064,1100
586,1900
5163,4725
4881,1200
1265,2370
4730,3850
4724,670
4685,800
1587,2450
5993,1400
4047,870
3944,820
5101,2700
3378,1100
3833,1200
5335,4500
5337,3150
278,3500
4369,1180
1195,2200
3328,1700
2221,2000
5544,1400
7180,1360
2010,1190
5717,2334
6683,1350
688,1200
7069,3300
5525,850
5016,850
7169,2000
1043,1500
6290,1369
2976,1050
2949,1000
6700,1980
1880,2800
1298,2100
6525,1500
4143,830
6187,1000
5967,1400
4871,1250
5209,3250
6355,4000
7717,1200
2298,1165
3057,2500
1189,1350
951,1200
5164,2200
3920,730
1367,2500
7289,1900
1713,2180
5039,1100
1600,4995
874,2400
375,1800
149,2350
313,4000
1636,1600
1050,910
401,1700
5730,800
4460,965
5407,4320
796,1600
5354,2000
6218,2500
5668,1100
4948,1000
5747,2450
4554,950
6330,725
7210,1390
1471,700
858,1500
6893,1800
6726,3300
2858,2430
2034,1650
7085,1420
3758,2600
7032,2565
7068,1200
4532,790
6224,900
3217,1650
4024,1950
6693,1565
4472,950
7479,1300
2821,2800
2605,850
64,3000
83,4800
834,2950
2540,1200
2361,1300
5709,1250
822,3200
1827,2400
7600,1145
3324,1400
3270,650
6289,1072
133,1900
2330,795
1653,990
4391,960
6894,1890
5655,2970
6060,710
6957,2325
6027,740
953,890
2284,950
1949,3900
2426,2000
7311,2450
3837,950
1319,2800
1236,3430
3855,2300
462,2300
5989,1500
1468,1550
1530,900
5218,2700
1103,1300
3444,900
5991,3500
3911,990
3972,1100
972,1350
5526,4500
1928,1300
6797,750
7164,1700
6471,990
5452,1550
2116,3400
6107,1000
5317,2200
7493,1000
2740,1350
3433,775
5902,4500
5199,2450
6,1290
3134,1100
3539,1000
2046,2900
4761,870
7190,1335
6626,2800
5999,850
7399,2200
7186,2040
3300,1400
6768,2000
2355,900
1548,2200
6363,1350
1990,950
3617,1550
4858,830
3917,895
2126,800
4243,1400
6144,925
5569,1100
6011,850
2794,2450
1184,2000
4709,800
7076,1400
5025,2200
7237,2700
4373,900
1297,2800
7567,1150
7026,2295
2396,1900
5301,3645
4320,924
4530,855
6662,1100
405,1480
1714,2100
3785,3990
2850,1800
4598,1200
5557,3650
6851,2565
3356,990
952,1330
5899,1600
1966,3900
1941,2025
2626,700
6411,1100
5312,1490
4229,750
2838,3100
6440,1800
345,950
4576,850
4603,1100
2585,1700
1870,2500
6530,1200
5117,1350
2822,2430
6609,1250
6358,1483
5445,2650
5734,3900
7268,930
5970,1300
6972,2050
5873,3995
184,3200
3495,2500
4531,1350
3551,2450
3484,1200
6576,1200
4851,750
7429,1700
3585,3600
19,900
3903,920
7805,1350
4323,850
3831,1800
7335,1100
2286,780
1423,1000
6871,2200
3277,1000
193,1900
6098,650
6178,4800
1910,2000
5048,750
1897,1750
2553,800
6864,3105
6759,1450
6743,1650
5204,3500
1215,2100
1271,1300
1390,899
4803,475
1528,1450
4570,1100
5975,1200
1730,4050
2251,1950
6804,3600
762,1600
2038,2300
4010,1600
7286,2430
6752,1250
5567,2600
1163,1300
6361,2630
3153,1850
2517,1300
1243,950
2111,800
204,3250
6247,1650
609,1400
807,1000
2518,1300
7741,1175
1945,1829
6552,530
3952,1050
5015,695
5195,3400
2183,1100
1997,3200
5741,2300
3866,2800
2501,975
1520,1950
357,1200
6902,4050
2656,1000
760,3000
1020,1450
6915,2000
3707,1350
5110,3500
7500,750
4162,850
1362,1200
7174,1495
692,1300
1568,2100
5262,3500
5706,4360
2432,800
7254,1500
7193,900
1136,1350
7766,1250
3365,900
5287,3645
5300,4000
74,1300
6208,829
2383,1100
7293,1750
5887,2300
6150,1060
3632,2200
2488,1750
7517,1900
6572,2200
2641,900
2860,2565
6670,2650
5769,1650
1198,2600
4634,870
6716,950
4835,760
4005,950
2333,650
2451,1100
6467,1150
5165,4750
6874,1600
4314,1350
2070,2050
6108,1250
7213,1200
442,2700
7270,3495
2005,3000
7334,625
4139,2400
3819,3100
879,1390
4793,1200
152,2300
6469,1400
1444,790
3883,855
6069,980
7656,800
4025,1200
1193,2800
2370,2100
1883,1175
4160,750
5066,2800
483,1450
7141,2450
991,1400
3912,780
1402,1500
7165,3500
1688,1200
2351,1300
670,950
7537,900
4048,1450
5798,2250
7105,2750
6993,3105
1119,1700
166,1485
2410,1580
4980,850
1140,1600
3084,1600
6791,1746
973,1500
3053,1200
5233,2300
7166,1100
3415,780
7097,2160
5790,1250
6929,1755
6760,1050
7277,770
1786,2900
7344,2687
7774,1895
5282,2700
4049,1180
7118,1800
7108,2100
1029,1800
1919,3250
618,1300
7449,1500
5810,3950
7113,2500
7768,650
4960,800
6197,1390
3755,1700
1464,1100
276,3300
3742,1650
4878,870
7130,1800
5509,2700
4083,1600
6501,1050
2523,750
5638,2100
3923,840
257,1450
1677,2550
7591,1740
5281,3780
966,910
4828,920
7258,2100
701,1150
3805,1100
2011,2400
5442,1615
4180,950
2832,2500
2723,1350
1877,1850
3169,1584
2422,900
5367,1450
3901,750
720,1400
643,1100
3367,1200
2381,1100
7488,3900
5931,1590
1999,3200
4938,1100
270,950
3068,1600
2964,2361
3513,1480
3717,1250
2399,1800
510,1350
2324,1000
5207,2295
2684,1500
7,900
3863,900
6637,1050
4652,1200
2550,1200
1912,2100
2388,2200
1058,1100
6252,2500
1116,950
2094,900
4192,1500
5547,4000
4086,805
6978,2364
3209,2500
818,1500
7580,1550
1845,3950
2931,2600
1142,1450
5395,1853
6856,3375
6870,2200
2742,875
6420,1163
2404,950
1822,3650
641,2500
358,1260
6628,1000
3962,800
3382,875
105,1280
4901,750
1617,1450
3788,1180
3852,999
7471,2610
7038,3105
1595,970
6889,2264
4507,820
3878,1900
2200,1000
603,4000
7103,2700
6503,950
3224,710
7476,1845
5647,2425
6789,2950
6372,1050
4731,725
387,1350
2040,1400
5520,4000
6757,1980
3879,1025
3857,990
2482,1650
4493,560
4863,800
7046,4095
3949,1200
7198,2548
5382,3960
5418,3375
1228,2850
5817,1150
1492,2600
7017,2430
6890,1988
6155,1600
916,2500
2412,1600
2779,1680
6782,1290
880,1200
612,2930
215,2000
1727,3645
2119,2300
3422,780
4820,1100
948,1200
662,1000
5535,4900
5013,850
2077,1190
173,3200
5813,1400
7025,1350
4973,1000
917,1500
1504,2500
6595,1500
5470,3500
4969,800
2998,2600
1961,3000
2795,2200
3564,990
7171,2200
5174,3500
3505,1800
6405,1400
5869,1600
5879,1975
2206,3900
2106,2400
575,2100
1522,2250
5412,3915
2744,1300
2001,3200
6149,3500
2895,1050
1986,750
7549,1000
2207,1900
6811,900
7024,1725
875,1785
3658,1800
6214,1050
2283,850
6728,850
6666,1250
417,1650
2115,2750
7502,2600
1346,1500
5500,2200
5701,1450
4488,750
1935,850
1066,1250
1391,1200
4837,1100
501,1500
2950,1800
6638,1000
1737,1795
7250,1250
6898,1800
2657,1000
1264,2295
6263,1015
6005,900
4919,850
909,3000
3127,1300
570,1050
1187,1300
7568,1000
6154,1000
3570,2500
6712,4500
3112,1100
4384,1500
3428,900
5077,1400
7720,1900
2715,850
2953,1050
6428,1350
6783,1650
6765,1150
3786,1100
5119,1150
7391,1900
2764,1300
6261,1886
4981,1300
1129,1600
4519,1350
2195,900
2578,1800
2128,1800
5998,770
237,1900
1060,1225
2031,1800
6963,2520
1473,1850
2291,950
730,3190
1178,2200
4115,890
1874,700
4986,1150
2769,450
3676,2200
1085,1300
2369,2000
7073,1850
7728,1250
327,2500
2785,2200
2395,850
7042,2970
2676,850
2271,750
3303,1300
6510,1600
4189,3200
1499,2300
5538,1650
2649,950
5021,1100
5765,1100
470,1900
4922,750
1347,2100
3939,1150
378,1275
6303,3600
7671,3500
2586,825
25,900
2175,2900
1739,3105
735,1300
5814,1900
2881,2150
1443,3000
6364,3200
2594,1500
3967,1000
2445,1390
484,4100
4413,700
4308,800
1560,2750
3887,1000
295,3250
4818,950
4548,590
3730,1450
5485,2900
2712,875
1435,3800
7049,1710
5248,3800
628,3400
4597,900
6360,2300
7761,1250
7353,975
5100,3000
3655,4500
6740,2000
3145,1100
6959,2537
2673,700
5795,2400
5711,4360
4290,1400
4210,900
7542,2000
718,2250
6975,2500
3411,1150
6040,1100
4309,1200
2979,2300
3909,900
6862,1540
4264,870
2343,975
5760,3300
2437,1550
550,1350
551,2800
6093,840
6297,1133
6559,1800
5889,3000
817,2400
6105,1850
6288,870
683,750
5816,4000
2308,1235
386,2600
7612,1400
4446,720
394,2200
5486,975
2329,1000
5941,2690
1699,4500
7018,2700
3835,1000
1006,1300
7037,3150
7324,1250
7495,1400
376,1300
4058,1800
5231,3140
1307,1600
5446,3500
3906,755
6614,1250
2698,1500
3605,3240
2143,1100
808,900
7178,3040
3760,2400
7384,2400
7139,800
5176,1300
4787,850
1761,3375
382,4800
5135,4000
5632,4000
4569,950
158,1450
6880,3800
3252,900
6157,1700
426,2300
7211,2340
3641,3500
4412,900
3776,1600
3440,860
1078,1450
5123,1450
895,1550
4148,990
85,1650
2360,1225
5775,1300
7133,2850
7259,2500
5370,2295
825,1450
2393,1230
4322,800
4117,950
5096,1250
6506,775
3834,1200
5839,2800
443,1200
411,2300
6630,2100
7367,3500
4431,780
2808,4000
7144,1690
7222,1090
3680,3000
1533,980
5630,2990
5185,2700
4053,990
6841,2290
6041,947
7433,900
4997,850
6058,695
2476,1550
7724,1000
2566,1500
5285,2835
7167,1800
6071,700
488,1275
174,2650
7168,1800
7004,4920
7484,1350
7750,1350
2114,4250
3248,780
943,1100
6110,1300
2408,700
4733,750
4866,750
3928,700
6500,1100
1860,1700
1629,3100
3187,880
5893,1095
2150,800
803,2400
1585,4495
7588,1800
4770,1200
4451,1350
6509,1550
5120,2600
3463,900
857,1600
1472,1100
1449,2900
2259,910
1724,2700
7509,1800
418,1700
924,2700
3765,2500
6988,850
1237,1400
4476,850
7809,840
2241,1250
480,1750
2053,1800
722,1700
6168,1350
7540,890
2056,2950
2846,750
5788,990
4595,1250
6795,2330
1985,3750
5875,3995
6916,2295
2622,1200
3194,850
3804,1000
885,2500
571,900
3936,900
4417,1350
3889,1155
6239,900
6406,1700
7106,2400
3115,2750
2658,1100
1097,1550
2063,2900
2659,750
5742,1400
248,2200
1188,2500
6636,2400
4492,1100
5763,3600
5863,1550
6019,955
3131,2500
6183,1250
6002,800
5275,2835
4141,900
3304,950
6979,3450
4299,1051
6727,1850
3396,780
1925,2250
624,1300
2862,2565
4364,850
589,1000
7528,795
6758,4100
254,2200
4688,626
5414,3375
424,1700
1515,1500
273,2025
5241,2250
7125,2076
1777,4700
1820,1700
2624,1380
5255,3600
355,1595
5448,2130
1687,2500
4836,840
3937,820
7740,940
2924,2300
1601,1800
5811,990
6944,1890
7235,1550
6492,1300
1862,1100
7713,1350
4260,895
6169,4200
7650,900
7302,2300
380,1590
7732,900
7034,2565
4998,875
4694,1050
6228,1650
7212,3510
2693,1600
5459,4200
7160,1600
7252,1200
3247,740
7196,1500
2212,1900
663,2650
2621,1100
2801,1300
7570,800
4656,975
5731,875
5540,1600
2454,2356
5986,2000
3820,1500
4102,2800
6249,1650
4443,850
1571,700
2524,1600
4093,2800
1292,1800
2797,1800
2958,1700
7645,1800
7201,1090
4382,900
5812,2300
3223,580
6695,1705
7733,890
1831,1480
2965,2427
5955,2100
5787,1250
2602,1750
2695,1800
7696,1110
6037,840
740,1550
3206,950
7039,1480
5963,1300
79,830
4699,950
5122,1200
7305,990
1248,2835
2733,4000
1179,4000
1302,1690
7007,3600
6463,1250
7031,2067
3526,1784
4231,1600
1658,1500
4127,790
3941,1200
4604,1347
1409,2200
7797,1150
460,1500
1152,1350
2773,2000
5506,2700
680,1500
1626,900
5938,1375
5962,1200
2994,2200
3691,1300
5622,2800
661,1300
5045,2100
1311,4000
5346,2700
508,3300
1667,3900
4945,800
1536,1100
3198,1150
5298,1200
7538,1700
3442,750
3893,1650
4374,1000
5505,2700
5242,1234
3392,1100
1121,630
5097,1100
2765,4500
1747,1200
2549,1850
6605,790
6117,2000
3261,1200
4198,1900
7001,2600
7410,2000
7404,950
6191,4800
1477,1850
1944,4500
1895,1800
4179,850
1549,1200
39,1400
5940,1650
464,1500
2480,2100
3860,2400
3346,800
1349,3800
5783,1400
4696,1090
3598,1300
2248,1390
2772,1500
4239,1200
7541,1700
1769,2295
6742,1450
1780,4450
7593,2250
6223,3450
3838,1900
389,1200
6001,850
5167,2500
7394,1090
151,1000
5169,2500
4669,800
7274,780
6437,1070
747,1400
3355,700
6912,2500
4682,895
5472,2000
425,1500
23,1850
1051,1300
5274,3510
2534,1300
2674,2500
2513,1250
6283,1350
46,1700
2972,3100
3550,1400
3180,850
3542,2500
4649,950
12,1200
5035,1100
1235,1150
2050,2950
2630,1050
3005,980
4084,1850
1073,1500
4067,1150
3144,750
1004,1150
3032,790
3172,690
3512,2600
5519,2700
768,1000
4650,900
1513,1780
3018,1500
4208,825
959,1600
6536,1980
6090,800
4315,960
7214,3000
6099,2750
2910,940
1710,2600
6193,1200
859,2400
1434,1600
3924,850
7027,2835
890,900
1046,950
6173,1750
4341,1250
1723,775
1754,2500
4850,1025
3340,1400
5943,1300
1413,2800
6096,1280
3397,1200
5498,4000
6003,760
5063,1800
3399,980
6407,1800
736,1400
5398,4320
6229,1650
3462,900
3882,750
2531,1000
1392,1100
7269,1240
6421,1173
5196,1150
4691,1200
6544,3100
1030,1300
6202,1400
7091,3000
7539,1250
6488,1200
4273,950
3672,1300
2601,1200
4092,1200
1256,1400
4410,900
1596,1400
6498,1300
1896,3600
1061,1450
138,1500
1431,1690
6008,760
4722,720
933,1950
2933,2600
6577,3400
4653,760
7463,2300
6719,2025
3417,1300
1266,950
4087,650
7021,3915
4289,950
6702,1850
1300,1266
2403,1500
2878,730
288,1240
4846,1800
1083,1420
1288,3800
1055,1450
5474,2550
4046,1600
2661,2000
4533,1350
1107,1300
5792,2450
294,4350
1091,1600
1381,3700
1012,900
2503,1200
6235,2950
2041,1850
7220,1240
1337,1500
650,2550
5923,990
1838,3780
1458,2500
6376,1200
1660,3200
1742,2430
3768,2500
2473,1200
2325,760
7771,1250
3345,860
3359,800
1371,990
606,2950
2481,1950
1343,1300
7406,850
5245,2835
6485,1050
2096,2900
2775,1001
281,3300
660,2000
5782,2400
3245,900
3653,3150
6839,1390
4646,830
4246,1250
7396,1010
2152,950
4602,1080
6132,1300
2223,1850
31,1050
2146,900
4150,2400
7066,775
3383,850
7275,1100
4031,800
139,1350
5786,1950
7669,1000
4860,875
14,1490
6720,2160
4728,999
1603,1975
2486,1300
4909,800
3213,800
4228,1700
2460,1025
391,2700
5691,1800
6731,900
982,920
7474,4500
4833,1000
2258,1100
3791,1100
6172,2000
7095,1450
6586,1250
3825,1100
558,1300
3926,740
5005,800
1332,1500
4516,820
1462,950
5133,750
4232,1000
4640,870
1893,3500
3132,990
1514,2300
5838,3500
7605,905
4028,1650
1336,2300
4976,995
1807,3750
998,2950
5780,2400
6246,1650
6921,3600
7173,2600
422,850
2181,1750
7419,1900
2080,2400
169,3300
4108,1350
945,1200
368,3300
4798,850
4357,675
789,1042
3124,1150
7780,1350
3064,3300
325,1350
4905,900
693,1100
2092,1200
3874,1100
320,3200
2455,2000
5070,2150
2477,1000
3914,890
4021,700
2029,850
6867,2262
3609,1350
783,1350
3841,1280
5682,3000
1329,2100
5930,2400
6919,1150
3796,2500
2245,1400
5355,2100
4336,800
5257,1630
5191,1050
543,1985
6995,3645
428,1700
5824,3300
7787,1800
7729,1400
6785,1250
218,1750
6371,1370
482,1700
2161,3210
2554,1190
261,2865
6690,1080
1160,1600
6352,1200
1808,3950
4132,1620
748,1475
581,995
1512,1200
2384,1500
3310,1200
7455,1580
2027,3000
665,3900
330,940
7331,1200
447,2200
5793,1100
115,2500
3199,2300
4470,750
2281,685
1803,3240
96,1200
2354,1100
3341,1100
5827,2800
2052,2000
4268,1350
2990,1000
1,1300
4579,950
978,4200
6708,1150
2857,2430
5501,2700
622,1300
5861,2700
3080,900
2572,1350
1657,1750
6564,1300
6540,874
224,975
815,2200
3683,3100
6127,1250
2149,850
7087,1980
1648,1200
176,3300
4975,950
3766,1650
5981,1550
7424,1050
2118,1300
286,2150
4079,1150
4396,660
6237,900
4004,850
5479,3500
413,4950
614,1300
7793,1900
7242,3500
6438,1300
7467,1580
549,1450
1859,3300
1976,1870
5656,4000
4187,1250
3518,700
2366,890
3391,870
555,1600
3091,1300
4725,890
4119,1600
725,1300
7376,3600
4695,850
3836,1250
1099,850
621,1300
548,2150
3560,1350
3885,705
6455,2650
5475,2400
1693,3950
3811,1200
7450,900
7815,950
1907,2050
828,2100
829,549
6442,1233
1954,3000
2083,2750
3401,1090
3799,1000
976,1190
4185,1350
5802,3100
7253,900
4408,1350
4249,950
6930,1705
4343,800
1032,1200
6023,820
3638,1390
7135,1800
3993,650
6573,950
3257,1200
3321,1400
5358,1350
3368,730
6319,1600
1150,2650
6508,595
2986,1800
928,1350
7714,2200
6055,870
544,3000
7208,1050
5116,4000
1526,2800
3748,3200
3810,2000
4928,740
2635,950
3149,1300
4222,1950
7398,2300
949,1900
32,1300
6722,1350
2636,910
2552,1500
5332,3400
5646,900
797,2750
3959,950
5093,3300
297,1230
719,1490
7218,1500
2474,1000
7239,3500
6730,1250
24,950
2890,1515
927,1400
960,1200
1088,1100
6196,3600
1328,2100
4840,840
6778,900
7264,3950
290,1240
5373,2600
2194,1325
1306,2200
2504,1300
602,1195
1508,1200
4122,900
5378,3240
1309,1700
5857,1200
4950,1000
3718,1190
2643,800
5753,2100
1054,3700
5050,2800
4801,820
6517,600
6784,1800
2172,1250
5652,2700
6165,1150
1778,3375
6761,3850
5643,4700
2088,2550
307,4950
1627,2430
2117,2400
619,1300
3503,900
2526,1500
2240,1300
4221,750
6857,2025
3953,1200
3698,1650
2856,2025
4774,900
5443,1400
7117,2000
7124,2624
585,2100
5076,4300
2596,1600
3950,1200
4524,850
6450,1700
5587,2000
1811,2750
2737,2600
6462,1390
1792,1750
2250,1950
3407,999
2505,1250
4551,900
1348,1950
6671,950
6990,2100
4152,1000
5909,950
1674,3000
7412,850
6933,2565
2274,800
2519,1251
331,3300
7354,890
3276,1400
5530,4000
6244,1350
7579,1400
4259,950
833,799
3178,980
1806,2300
3567,850
40,2450
4808,800
956,1450
5593,3300
4194,900
5672,883
4360,825
1018,1100
1027,900
6585,1350
1487,1050
1640,2200
4362,845
5898,1970
6231,1350
4499,900
1422,1000
7310,3300
7401,1700
1031,1070
2818,1350
5336,3240
1726,2200
1353,850
3891,920
1447,1500
2035,1100
4944,900
6590,950
3326,925
2136,2950
934,1600
5161,1200
4293,1400
4487,800
2,950
2219,1800
889,1100
2875,2295
2592,1200
2015,3200
1681,2490
2014,4500
5432,3510
7350,1800
5961,1500
2874,2835
759,2800
57,1350
1892,1800
4064,2200
2682,1100
2940,2000
979,1350
6459,1090
862,750
4563,1400
3583,2340
1457,850
3763,3150
926,2700
5735,1450
5152,1600
1968,1750
5477,2400
11,830
3597,2295
5727,2000
1537,900
844,1250
6415,1150
6138,1300
4292,1350
2218,3000
6613,1100
7749,850
2347,1800
1007,900
4747,725
2767,900
737,1600
451,1700
4638,950
156,2700
2139,2600
6574,1065
1222,1600
3688,2200
2156,1360
3973,750
2758,1250
4736,850
4686,860
6226,3450
6051,610
4607,650
2548,1100
1325,2150
1867,2590
3701,2850
284,2500
5073,4900
7783,1495
255,2700
7572,1150
4832,650
2138,1700
7200,1600
6171,1450
851,2375
4027,1150
7757,1300
6359,1390
1902,3000
6655,2450
4591,980
2587,775
574,990
3409,1400
771,950
324,3500
3712,1400
1186,1500
5859,2200
7694,2000
4338,2600
2907,1400
963,1800
7446,2500
3787,1800
4181,750
42,2000
4710,840
4513,995
3138,2600
5588,1700
7799,1350
5513,4300
2803,1500
3390,950
1240,3330
7092,2250
645,700
7670,1250
1540,1650
4750,899
3200,2000
977,1300
2543,1200
5374,4000
7054,950
6345,1400
5104,2900
864,3150
1599,2500
3074,1100
4464,1025
659,1985
4680,590
4072,1455
409,1195
4589,1100
7607,1010
4212,1700
419,3100
5088,1600
5428,2800
6325,3900
3535,2300
50,900
5978,3200
7489,1600
7701,1490
3845,1700
3938,940
7151,1500
5504,3500
5619,3510
7576,1100
2545,1200
5920,4400
1846,2150
7545,3500
6414,1200
4286,900
353,2000
226,3750
3871,1400
1407,1250
7143,830
7556,1950
4114,1200
3843,1300
343,2670
6142,1150
3160,900
7456,1100
3280,780
7550,1200
2439,1350
4428,950
3744,1250
1532,1050
182,2500
4434,1000
6560,2250
3769,1300
4458,850
5451,2835
6388,4800
6454,850
981,750
66,1300
1301,1990
6083,850
5429,3645
6545,780
2230,950
1602,1950
164,2800
507,1250
4712,1000
4142,750
1858,3900
784,2975
1881,3900
6514,1350
4754,1125
5136,1680
2847,2565
6327,1300
4423,800
1399,1100
6964,4050
2996,1010
197,1615
1191,4800
2166,2200
6568,1000
6800,1600
159,1250
4351,850
5175,2000
6340,1580
3541,2000
5068,1190
3008,600
3991,840
1453,2100
7373,1450
6483,1600
6017,870
3832,1300
7036,2200
5078,880
3186,820
3120,800
6808,2600
1801,3950
3099,1800
478,1950
640,1850
4497,825
5108,1195
6641,650
2184,1100
4276,770
6366,1500
1708,2025
4952,589
5807,1890
6121,1350
6860,1800
44,1200
5785,1900
2199,1200
4146,1575
2287,790
81,1200
6257,1450
7711,950
2793,1600
3347,1400
2186,700
461,3500
2157,2700
2670,700
1364,2600
7183,750
3612,2700
1368,1200
247,1200
7760,1400
2731,1000
4877,800
2704,1100
3450,1195
3353,900
4175,1715
2906,1800
5114,2400
4455,930
2216,4500
2815,1300
2899,1200
4959,830
5703,1250
1454,1700
7635,3500
7072,1450
6292,1810
7531,800
5288,3510
6184,1320
1342,2800
6981,2228
7653,1225
1635,1830
7067,1450
3357,1550
4826,850
5084,1500
7321,1200
5124,3900
3794,1050
2021,1950
542,1150
4406,1525
1372,1600
5988,1975
957,1100
3637,2500
3907,755
4474,850
3322,1400
2311,990
810,2100
4675,775
986,549
860,900
5293,2700
4512,1250
175,1190
5936,1010
4805,750
4205,1300
2667,750
7445,1500
1375,1500
5503,2350
7104,1700
5686,980
6531,2500
7248,940
3473,1350
3483,1300
341,3100
6220,3450
2618,900
6301,1800
7314,2200
4658,950
870,1150
3243,1100
3648,1300
5595,1450
7192,1150
58,950
4288,1450
3636,2565
2002,3200
1555,1025
5158,4050
5181,4500
4379,2200
3509,990
5214,2160
989,1500
6122,1200
3464,1275
2273,800
7558,1400
5372,1400
6633,1100
3219,1400
5800,2700
804,2700
7794,930
3682,1100
298,1600
7725,800
4778,560
6958,4000
2452,899
2854,2430
2189,900
3569,2356
755,600
994,1100
6825,3560
2375,1150
1034,900
3379,1500
1855,2000
6430,1200
4672,920
5789,3000
1819,1450
5478,1450
356,1260
3913,850
4475,800
721,1400
3614,1400
5499,3500
5232,2100
1010,1250
7368,1100
7065,2835
2316,1174
2849,1350
5031,3500
5391,2970
6895,2430
7145,1950
5578,2450
6326,1600
3772,3000
5087,1450
5597,4499
2093,2500
4347,1095
5033,850
7478,1780
5596,1150
6843,3780
5259,3500
7395,950
5323,1710
3801,1000
7129,2731
7781,1600
6456,3300
404,1400
7617,1800
7131,1800
565,1300
7284,2360
5321,1200
4444,980
3697,2800
212,3150
1398,1500
3690,2700
2844,1450
6385,1195
5320,2100
4924,850
4244,1400
1953,2250
6992,3780
3015,2400
3188,750
1263,2295
1731,800
3599,1400
3663,3600
6591,1700
3003,1350
1888,2750
5837,3100
4014,1300
3546,850
3545,3100
3726,1300
6989,1200
5402,2835
6379,1200
3634,1200
634,3900
3218,650
6815,2024
136,1290
7662,1400
4095,2400
3079,1200
5751,2200
4702,1100
3724,1500
2867,2430
865,2900
1725,2650
1028,925
3451,1050
7770,850
2300,850
7195,4300
2567,1360
379,1750
2470,1000
360,2800
852,1425
5089,2700
3372,890
6507,750
7483,775
6309,1275
3499,2000
4333,1450
6998,2169
2226,1950
1933,3900
830,2650
7734,1100
2810,2430
102,1500
4457,850
3969,870
3034,1400
2492,1300
6489,1000
6934,1500
3395,1250
6349,1400
6973,1200
6383,1200
2995,980
7226,1100
3056,1500
1965,1950
6077,900
4873,1000
1956,3000
2781,1550
2356,900
5675,2745
2456,1800
993,1200
3232,1100
1174,3800
2729,2300
2317,800
438,2300
965,1350
1316,1600
503,1775
2141,1000
7189,1630
6113,915
6065,850
5883,1790
1260,4455
2760,1500
6088,1351
7514,900
2073,3700
3275,1250
4241,1200
2262,1000
3898,760
5203,700
2100,1280
4256,1900
7657,2200
3216,1650
1310,3900
2304,1200
2848,1850
1037,1500
2302,950
4935,770
5435,1750
6337,1500
3975,530
3798,1100
4984,1500
1383,1000
1963,2100
2463,2565
2575,1100
2247,850
1114,1800
6199,850
7754,2200
4459,1000
2755,1300
84,945
3041,1034
6513,2200
5102,2300
1379,1100
6294,3650
6837,1500
914,2450
4069,1450
5777,1600
6298,1908
7466,635
3116,980
3571,1400
5720,1600
2691,1200
7647,2400
2770,1120
5553,3750
3722,1105
392,3250
2009,1300
4679,1200
6773,2500
6846,3645
4250,950
1690,2500
1172,1450
3886,875
3677,1680
7590,1800
6395,1200
3106,1150
2097,2100
7748,900
7673,850
2498,1400
7152,2000
1408,750
334,1350
1705,1900
3925,850
7149,1150
2168,750
2332,650
1760,2000
6394,950
272,1150
6910,2650
2145,1000
5065,2800
944,1500
3956,895
2131,950
4466,900
2018,1300
1927,3450
1654,2600
4665,1550
5023,2300
6602,900
6869,2200
4916,950
4440,950
4888,770
235,2600
756,1450
7015,1200
1196,2200
5841,3300
6087,695
5868,2600
7405,2300
2900,550
886,2700
4528,1100
5874,2650
5331,3240
6482,950
2680,1200
6047,995
3072,3130
127,1300
676,1200
6317,1950
3,2975
4399,850
6182,1500
491,1100
5,1200
5642,4000
962,2700
2727,820
4566,1500
1112,2900
2722,1600
253,1500
6816,1761
1216,1800
3013,1300
3947,850
7142,3350
2520,1500
3708,1700
3603,1100
2694,1400
5939,1400
1691,4500
7527,1400
2444,1200
2845,2000
6878,850
1377,1400
3633,740
4029,1400
6445,900
7262,950
2483,1000
2078,3650
3705,2500
1857,2000
5705,4360
2877,4320
5956,3600
7271,1850
2599,1200
4230,1450
4991,950
6542,3000
1569,1200
4438,870
2270,950
1226,3800
7059,2565
243,1300
73,3950
1689,3000
6533,1350
3453,1100
3797,1650
6658,1500
4893,820
135,1150
6598,1600
5650,2600
1359,830
2079,1190
7060,1300
7009,2970
2185,1000
4841,1200
6073,774
7369,2310
3250,850
6792,1650
3519,1630
6985,2500
6201,3300
2937,1110
961,1100
1732,1600
5415,2835
5419,2970
5266,3850
5737,3300
4882,1190
381,3650
3458,750
2235,800
4350,549
4829,790
554,1500
5103,2250
59,1300
669,3850
316,1290
2904,2400
6136,1150
1339,1950
7312,850
4993,850
2162,530
5678,1975
5438,2775
4683,815
3847,1150
4372,1500
3021,1100
4433,1100
5471,2250
2400,1525
2374,1100
5537,2850
6960,2000
2411,1350
6274,1780
1849,3000
5493,1200
2071,1300
7377,975
3282,850
2516,735
552,1300
6749,1650
5835,1430
4120,1665
7276,2200
4971,975
5901,730
6906,1400
3288,1100
4385,899
2072,1450
703,1550
4418,750
698,1500
6780,1200
1988,1300
3435,1000
293,2860
1814,3000
3092,1300
4706,980
942,3000
6386,1550
7565,3000
6451,2750
6858,2565
795,1200
6623,1000
2007,1100
4266,850
4040,925
4365,950
4035,1200
6639,1180
4540,1300
5885,2200
6562,3000
2725,2300
4393,1650
3189,675
6322,1525
3779,2450
2974,850
5757,2500
3659,4650
6699,900
148,900
5178,2250
2292,970
2238,690
3344,1845
5137,2250
4898,725
5408,2700
6826,3560
4495,1350
4588,900
1397,1060
2122,2100
4800,900
2609,1400
1425,1250
6610,1600
1394,1400
7699,2000
2261,1000
4786,850
2232,2400
4939,1150
4203,1250
1314,3995
3447,950
3553,1400
2955,760
4992,1200
1947,1988
5141,1000
3195,950
407,1900
246,1195
1126,2250
2087,1400
4609,800
4184,1415
806,1975
2277,1135
4789,1320
705,1350
260,2025
6667,1300
1655,1900
6607,1175
3601,1400
2191,900
1921,3500
7223,3000
7465,2950
4802,800
5881,4300
749,549
6976,1800
7287,2600
2154,1100
6351,1275
5562,1450
4407,800
5091,1050
2861,2565
7064,1935
1534,1100
6342,1300
1755,2025
2894,1200
2103,2800
4831,700
4874,789
423,1060
403,1050
7022,2025
2264,904
1719,3250
7156,1650
5896,1250
5064,3950
4147,1450
5636,2600
4387,1200
5236,1450
6233,950
7083,2250
5660,3800
234,1350
2305,860
3302,875
4721,849
1923,4150
7175,1495
5417,3510
5260,2700
835,795
3014,2000
10,700
2047,2400
1937,2100
5086,1290
266,4320
6035,860
4737,975
7184,1100
1664,2800
3103,900
967,1390
6931,2025
2637,1250
6497,2750
5313,3780
5620,800
6399,1100
3990,845
5118,1150
4363,1100
5252,1600
2917,2300
568,1340
2883,1670
7029,2430
7134,750
5776,1950
1200,3850
5420,2970
4720,840
699,2500
3177,450
374,3200
5352,4900
2973,1350
2922,850
1420,1700
5424,3630
494,870
2839,1800
3504,2500
3840,940
1465,1500
3784,950
7016,2700
5560,3500
5966,3300
3555,995
1318,1860
6556,1280
3702,1600
5972,900
6101,1150
1312,1488
6120,900
5648,2600
7501,2500
4538,900
3454,1400
3077,850
4404,1400
5566,2350
5197,1600
1951,1350
6688,3500
7304,1300
7596,1000
2215,1900
144,1858
5533,3250
5318,2340
971,1400
861,2000
7100,1000
1610,2800
1272,1900
531,1550
4523,900
6868,699
2099,790
6909,750
3236,1100
2061,1000
1451,1100
936,1200
5212,2295
479,3400
6102,1150
7233,3900
3921,730
7206,1500
5132,1750
5022,1100
4503,950
3714,2700
4361,1450
3803,1300
7630,1200
746,1200
4416,750
2327,725
5600,1500
3067,850
7603,1280
1908,3000
3673,1900
3307,2580
1926,2900
1210,1200
1389,2800
4552,800
538,860
1767,2800
525,1350
7086,1770
1955,3900
1456,940
5932,2000
3931,830
2508,900
5854,2600
3404,1090
6537,1080
1620,825
1275,1500
2817,2025
3148,2700
5823,2700
6684,1313
1249,2565
6095,800
5591,1600
1622,1830
3474,1900
3498,2500
2668,1600
996,1350
5129,2500
4572,870
765,1490
7807,975
1211,1150
7232,1200
3465,680
6920,800
3137,800
5604,3500
5454,1400
2268,1250
1111,1250
2750,750
1224,1800
3389,750
3839,1700
5904,2400
3082,1800
4744,1200
3306,900
5268,4350
154,1580
7743,1000
3777,2500
5234,1700
2921,980
750,1050
1917,1500
2631,1400
4606,1200
4400,850
6968,4300
414,1100
6053,750
6692,1283
7543,1300
4745,910
1432,1800
7119,1800
6353,1550
626,1100
6571,1800
4174,1565
5696,1600
6256,2300
5256,4000
3058,1600
7700,1250
2446,1475
5965,3500
3981,525
3622,1350
4070,1600
4359,825
7162,2600
2254,1375
7203,3050
5362,2500
1652,1300
4305,1000
1176,1800
2925,1400
6707,1065
3118,1040
2633,900
6341,1750
3652,1800
707,2500
2948,1550
3522,1300
761,3000
431,1200
3312,1400
1594,950
6068,980
863,625
3436,1250
4196,1250
647,3000
124,2300
436,1200
3233,1600
1711,1800
7128,2615
7739,900
4415,1050
3039,1200
7290,850
2192,3000
788,1250
2675,985
4191,1400
3552,1850
6048,770
4334,1650
2568,1000
4629,725
1115,1000
4135,2300
5585,1100
5849,2600
5690,850
6054,730
3685,2700
2876,1755
5341,1900
4223,1400
1649,2600
2551,2000
3958,950
7236,4750
1775,850
891,1650
3741,1100
6674,3500
938,1500
4853,725
6774,1200
6212,1250
350,1650
2981,1200
3251,975
4872,950
1414,1400
1062,2200
2957,1250
1717,3500
2617,1950
3942,900
3420,800
7228,1200
6211,3600
7045,850
6215,2100
2180,850
4703,1000
7658,1290
5712,4000
1721,2600
4907,975
6861,2246
2606,850
6997,3645
2379,900
3107,800
5623,1500
7374,1400
3221,950
5342,3510
6200,1600
2252,1400
5397,2300
3284,750
5484,2490
7365,3500
4269,1200
3532,1275
2882,1550
5381,2430
3695,3500
1766,1100
4481,1300
3313,1500
2409,800
611,2250
1544,950
5081,850
4294,890
5607,4500
3517,1200
5280,4185
4844,1399
3881,1400
588,1200
5534,2800
5511,2600
2991,700
540,1000
5002,1050
1130,2600
1751,2100
1059,1200
2033,1928
1205,1990
2980,1150
6296,2200
126,2300
773,2600
7742,950
6429,1150
5473,2490
3884,975
6242,2950
868,1500
129,1300
5026,3300
7453,1350
7390,2100
7727,1600
666,1450
4717,590
4610,900
7182,2700
4370,960
1036,900
918,1200
5154,1950
5614,2400
5518,4900
4,650
3212,800
6013,750
3290,1300
6781,2020
2796,1500
2619,1600
5468,4000
4073,950
5221,2800
5057,1900
1810,2850
6823,2650
7093,2274
6834,2430
6663,800
1203,2500
3430,750
605,945
3984,840
3948,705
4375,1950
893,2550
2085,3800
2912,2300
6258,2025
5217,2700
5507,2600
1223,2490
6994,4920
6357,1350
1015,850
2837,1800
4748,800
7035,1800
4066,1450
2489,1750
4342,2200
5060,1900
4358,850
3095,1100
5942,2000
553,1890
2581,1750
5304,925
1940,2700
6339,1375
566,1675
2946,1000
6126,1106
5912,1950
4585,650
3342,1100
821,720
4281,1190
1478,1500
2666,1100
165,1260
3165,1400
1774,2150
3044,790
7738,870
4994,890
4082,1400
2870,1600
1996,1900
5750,4300
599,1150
7089,3000
6185,4900
1914,3250
2173,1100
137,2400
3575,1400
3501,2500
7789,1350
6465,1100
3128,2500
1024,900
2415,850
201,2400
1194,2650
5377,3375
732,2450
7454,2000
637,1200
4511,850
315,2400
7020,4050
3602,2200
7516,1100
1109,850
7578,1000
7652,710
2696,750
7803,725
1118,1200
2653,1700
2318,850
1304,2100
17,1130
3286,1775
7792,1300
4903,730
5028,1450
853,2200
3231,890
7459,2010
5916,2100
1002,1400
6801,1800
5179,1200
236,1755
6535,1100
3529,1100
6230,1650
2612,875
591,1000
3618,1350
6745,1208
6546,1100
1781,2000
7281,1600
1093,2250
3631,3300
4825,720
997,2550
7788,1225
2873,2160
7659,1100
5009,1100
7519,950
1276,1090
5551,3350
5822,900
7426,950
1605,1950
4209,950
7715,1200
1363,2500
7817,850
7332,1150
6021,750
171,1000
4291,1500
6125,1400
999,1050
4007,850
3402,1250
3012,2000
3992,850
4684,1770
5261,2400
6370,905
3111,2500
6331,3900
2313,1030
106,1600
7589,1600
2688,950
3350,1400
264,3300
4145,1485
4430,1050
1518,850
5852,2000
1734,2160
4951,900
4996,695
4213,1595
1784,1890
3358,1100
6563,1600
6665,3200
4752,850
1209,2900
2368,1200
7347,1350
1770,2970
3336,800
2163,825
4317,950
7610,800
3273,850
4807,890
3935,890
6770,1450
5729,1900
7436,1200
2155,2700
5264,1500
3846,850
7708,1100
654,850
6866,3850
7510,2000
6217,2500
274,3300
6052,710
3548,1350
4285,805
5847,2010
6664,1999
6424,1160
6996,3375
1900,1850
5010,1000
7801,1290
2507,1700
7074,1400
6082,780
2062,2500
3129,950
514,2000
1942,2100
1830,2000
3055,1300
3386,1400
157,1250
5947,2800
2089,1400
1436,1150
6925,2565
6409,1300
7496,1350
2951,1500
691,1275
1890,3500
2640,1750
3579,1550
4517,850
1202,1400
3441,1650
639,2200
6657,3500
7283,2500
3782,2500
2032,1950
208,2970
3075,1850
2447,1300
4639,800
802,2300
4749,795
4450,1300
3424,780
213,1300
3700,1050
5219,1350
6763,4100
5848,3500
1829,2390
6116,750
2915,1650
1800,1850
5465,3100
5546,2613
6080,950
3661,1100
6907,1500
6186,2300
894,1625
6007,900
6735,1400
5011,820
4324,950
2272,860
731,2500
7735,750
3154,1200
3908,750
1722,3650
3642,1100
3781,1000
1354,1450
4921,795
6965,3915
5933,3800
1952,3500
5529,2425
3976,700
3477,2150
7683,1100
6049,710
3955,1000
3630,3200
2101,1500
695,1600
5059,3000
5654,3500
3960,1200
4663,1400
5018,1495
5843,1100
5891,880
742,1330
1345,925
6195,1800
5357,1300
2811,975
7157,1620
4252,1450
1370,950
5806,850
5815,1400
2350,1200
3475,3300
5908,4000
2144,3300
1607,1350
1750,875
5758,3000
7718,1150
7745,1570
3830,2200
6062,795
5440,1615
5177,2700
2829,1500
3222,720
1682,825
7080,1817
2866,1200
2759,2400
6253,1350
3323,1600
3487,1300
1817,3070
5577,4900
7048,1990
1108,870
4897,850
3410,860
1765,1800
7280,2090
6747,950
7008,4250
1853,3850
6374,1200
4421,1400
5409,4590
592,1300
2930,1200
903,2300
1558,1400
7431,1500
6328,1600
5427,1853
217,2900
4740,780
7326,1250
912,3300
4746,800
7298,3990
529,1600
1075,1500
4059,1200
2826,2565
5897,1680
7136,2950
5345,2700
1651,1290
2911,1750
6344,1750
2868,1300
6611,1290
842,2700
6177,2450
3848,1800
2580,900
4859,825
7620,1400
3268,720
7470,900
5160,3700
6306,1399
211,1500
6648,1200
3263,750
6550,1250
7563,1300
2392,1100
3759,1300
6227,1650
4726,950
6806,1760
4767,1200
6119,1750
410,3000
7116,1900
5935,970
5556,4500
7637,1990
1572,2200
2831,2000
2133,1700
5545,2650
5771,1900
2699,750
71,1350
4103,1650
2170,1100
5574,2700
7613,2400
518,3500
397,1750
6703,875
5144,4360
6732,3695
4215,1200
5173,4000
1125,790
920,1500
352,3995
7251,1200
6814,2450
1063,2950
1338,850
4015,800
4810,950
3516,1040
5198,1100
6787,2000
1040,2500
2084,3000
4537,750
172,1400
5996,700
7261,1225
6924,3105
5079,2640
1577,1100
4062,860
5521,3000
2747,1150
3647,1900
1068,1400
3237,875
4165,1150
1668,1275
2058,2050
3318,1200
6721,2295
38,1700
4237,1500
812,3200
2686,2400
1552,950
7497,1500
5796,1900
6604,750
1430,800
7437,4000
2746,1800
2966,695
2147,3200
252,2000
2169,1350
2484,1480
631,1750
2559,900
5697,1200
6681,1050
3031,1100
6529,1800
677,630
4110,1100
3754,1750
3369,875
1606,1200
7363,2350
1330,1100
2000,1100
4920,870
3161,1500
2871,2500
7499,900
200,3850
1904,3150
1019,2600
2885,1475
2153,3000
2689,2500
1131,1200
500,2500
3047,2600
5126,2200
6769,1700
4344,1050
3565,1500
4814,795
1242,1650
6794,1800
5340,950
5610,2250
2557,1250
7337,1400
5928,2570
2514,1225
805,1350
1773,1150
140,1600
3063,1090
3337,820
3626,1390
6600,3400
5894,3700
4676,1700
5634,1450
490,1600
6635,750
6057,845
3256,1300
3987,1050
5487,3900
5522,3000
5694,1450
900,2000
7682,2100
